{
  "AAPL": {
    "meta": {
      "symbol": "AAPL",
      "interval": "1h",
      "currency": "USD",
      "exchange_timezone": "America/New_York",
      "exchange": "NASDAQ",
      "mic_code": "XNGS",
      "type": "Common Stock"
    },
    "values": [
      {
        "datetime": "2025-03-11 15:30:00",
        "open": "221.82001",
        "high": "222.07",
        "low": "220.58000",
        "close": "220.73000",
        "volume": "6574063"
      },
      {
        "datetime": "2025-03-11 14:30:00",
        "open": "220.55000",
        "high": "223.3",
        "low": "220.08",
        "close": "221.82021",
        "volume": "7110964"
      },
      {
        "datetime": "2025-03-11 13:30:00",
        "open": "217.73000",
        "high": "220.98",
        "low": "217.67999",
        "close": "220.54500",
        "volume": "6404020"
      },
      {
        "datetime": "2025-03-11 12:30:00",
        "open": "218.53999",
        "high": "219.88000",
        "low": "217.42",
        "close": "217.75500",
        "volume": "7268661"
      },
      {
        "datetime": "2025-03-11 11:30:00",
        "open": "220.98000",
        "high": "221.74001",
        "low": "218.5",
        "close": "218.55000",
        "volume": "8365238"
      },
      {
        "datetime": "2025-03-11 10:30:00",
        "open": "222.49001",
        "high": "222.95000",
        "low": "220.59000",
        "close": "221.0032043",
        "volume": "7863529"
      },
      {
        "datetime": "2025-03-11 09:30:00",
        "open": "223.80000",
        "high": "225.83990",
        "low": "220.0099945",
        "close": "222.52000",
        "volume": "17705238"
      },
      {
        "datetime": "2025-03-10 15:30:00",
        "open": "226.99001",
        "high": "228.64999",
        "low": "226.5",
        "close": "227.54100",
        "volume": "8057482"
      },
      {
        "datetime": "2025-03-10 14:30:00",
        "open": "226.59000",
        "high": "227.51500",
        "low": "224.42",
        "close": "226.97620",
        "volume": "7084448"
      },
      {
        "datetime": "2025-03-10 13:30:00",
        "open": "225.24001",
        "high": "226.98000",
        "low": "224.87000",
        "close": "226.58000",
        "volume": "5343177"
      },
      {
        "datetime": "2025-03-10 12:30:00",
        "open": "225.53999",
        "high": "226.69000",
        "low": "224.32500",
        "close": "225.21001",
        "volume": "5440073"
      },
      {
        "datetime": "2025-03-10 11:30:00",
        "open": "226.53000",
        "high": "227.28999",
        "low": "224.22000",
        "close": "225.48000",
        "volume": "6492879"
      },
      {
        "datetime": "2025-03-10 10:30:00",
        "open": "228.55499",
        "high": "229.5",
        "low": "225.28999",
        "close": "226.50870",
        "volume": "11097982"
      },
      {
        "datetime": "2025-03-10 09:30:00",
        "open": "235.48000",
        "high": "236.16000",
        "low": "228.52000",
        "close": "228.55000",
        "volume": "14172520"
      },
      {
        "datetime": "2025-03-07 15:30:00",
        "open": "238.80000",
        "high": "239.77000",
        "low": "237.94000",
        "close": "239.070007",
        "volume": "4811911"
      },
      {
        "datetime": "2025-03-07 14:30:00",
        "open": "239.66499",
        "high": "239.86000",
        "low": "238.080002",
        "close": "238.81140",
        "volume": "3265326"
      },
      {
        "datetime": "2025-03-07 13:30:00",
        "open": "240.42500",
        "high": "240.91000",
        "low": "238.57001",
        "close": "239.64999",
        "volume": "4109056"
      },
      {
        "datetime": "2025-03-07 12:30:00",
        "open": "239.25999",
        "high": "241.37000",
        "low": "238.80000",
        "close": "240.41440",
        "volume": "6264766"
      },
      {
        "datetime": "2025-03-07 11:30:00",
        "open": "239.039993",
        "high": "239.69749",
        "low": "237.86000",
        "close": "239.28999",
        "volume": "6229746"
      },
      {
        "datetime": "2025-03-07 10:30:00",
        "open": "238.31500",
        "high": "240.16000",
        "low": "237.030106",
        "close": "239.020004",
        "volume": "6445384"
      },
      {
        "datetime": "2025-03-07 09:30:00",
        "open": "235.10500",
        "high": "239.42999",
        "low": "234.835",
        "close": "238.31000",
        "volume": "8601005"
      },
      {
        "datetime": "2025-03-06 15:30:00",
        "open": "235.17000",
        "high": "235.75999",
        "low": "234.45000",
        "close": "235.32001",
        "volume": "4800803"
      },
      {
        "datetime": "2025-03-06 14:30:00",
        "open": "233.65500",
        "high": "236.0099945",
        "low": "233.33000",
        "close": "235.17999",
        "volume": "4926584"
      },
      {
        "datetime": "2025-03-06 13:30:00",
        "open": "234.30499",
        "high": "235.17000",
        "low": "233.39999",
        "close": "233.69000",
        "volume": "4333970"
      },
      {
        "datetime": "2025-03-06 12:30:00",
        "open": "234.39999",
        "high": "235.42999",
        "low": "234.059998",
        "close": "234.29500",
        "volume": "3660287"
      },
      {
        "datetime": "2025-03-06 11:30:00",
        "open": "236.74001",
        "high": "237.34000",
        "low": "234.040405",
        "close": "234.41499",
        "volume": "4246957"
      },
      {
        "datetime": "2025-03-06 10:30:00",
        "open": "236.47000",
        "high": "237.86000",
        "low": "236.24500",
        "close": "236.78000",
        "volume": "4326344"
      },
      {
        "datetime": "2025-03-06 09:30:00",
        "open": "234.43500",
        "high": "237.16000",
        "low": "233.53999",
        "close": "236.47000",
        "volume": "8965074"
      },
      {
        "datetime": "2025-03-05 15:30:00",
        "open": "236.0099945",
        "high": "236.35001",
        "low": "235.059998",
        "close": "235.77000",
        "volume": "3864004"
      },
      {
        "datetime": "2025-03-05 14:30:00",
        "open": "235.80000",
        "high": "236.48000",
        "low": "235.14999",
        "close": "236.039993",
        "volume": "3103634"
      }
    ],
    "status": "ok"
  },
  "META": {
    "meta": {
      "symbol": "META",
      "interval": "1h",
      "currency": "USD",
      "exchange_timezone": "America/New_York",
      "exchange": "NASDAQ",
      "mic_code": "XNGS",
      "type": "Common Stock"
    },
    "values": [
      {
        "datetime": "2025-03-11 15:30:00",
        "open": "609.27002",
        "high": "610.93359",
        "low": "604.71997",
        "close": "605.41998",
        "volume": "1054003"
      },
      {
        "datetime": "2025-03-11 14:30:00",
        "open": "606.60999",
        "high": "614.96",
        "low": "605",
        "close": "609.27002",
        "volume": "2272148"
      },
      {
        "datetime": "2025-03-11 13:30:00",
        "open": "596.030029",
        "high": "608.28",
        "low": "595.56000",
        "close": "606.60999",
        "volume": "1316271"
      },
      {
        "datetime": "2025-03-11 12:30:00",
        "open": "606.46002",
        "high": "607.72998",
        "low": "596.08",
        "close": "596.20001",
        "volume": "1404731"
      },
      {
        "datetime": "2025-03-11 11:30:00",
        "open": "604.71002",
        "high": "610.20001",
        "low": "602.70001",
        "close": "606.34998",
        "volume": "1254444"
      },
      {
        "datetime": "2025-03-11 10:30:00",
        "open": "600.62000",
        "high": "607.63098",
        "low": "599.010010",
        "close": "604.46997",
        "volume": "2388004"
      },
      {
        "datetime": "2025-03-11 09:30:00",
        "open": "594.65997",
        "high": "613.5",
        "low": "594.65802",
        "close": "600.78778",
        "volume": "5281574"
      },
      {
        "datetime": "2025-03-10 15:30:00",
        "open": "597.27753",
        "high": "601.27002",
        "low": "594.34009",
        "close": "598.12000",
        "volume": "2242709"
      },
      {
        "datetime": "2025-03-10 14:30:00",
        "open": "592.67999",
        "high": "599.19000",
        "low": "589.73010",
        "close": "597.19299",
        "volume": "2034552"
      },
      {
        "datetime": "2025-03-10 13:30:00",
        "open": "594.78998",
        "high": "595",
        "low": "589.75",
        "close": "592.25",
        "volume": "1861391"
      },
      {
        "datetime": "2025-03-10 12:30:00",
        "open": "595.5",
        "high": "598.013000",
        "low": "590.5",
        "close": "594.73999",
        "volume": "1839684"
      },
      {
        "datetime": "2025-03-10 11:30:00",
        "open": "594.90002",
        "high": "600.71503",
        "low": "592.54999",
        "close": "595.19739",
        "volume": "2534777"
      },
      {
        "datetime": "2025-03-10 10:30:00",
        "open": "599.79999",
        "high": "599.79999",
        "low": "586.87012",
        "close": "594.90002",
        "volume": "4188486"
      },
      {
        "datetime": "2025-03-10 09:30:00",
        "open": "608.070007",
        "high": "610.10590",
        "low": "598.10999",
        "close": "599.57001",
        "volume": "4111475"
      },
      {
        "datetime": "2025-03-07 15:30:00",
        "open": "623.97998",
        "high": "627.65002",
        "low": "621.010010",
        "close": "625.34998",
        "volume": "1851617"
      },
      {
        "datetime": "2025-03-07 14:30:00",
        "open": "627.020020",
        "high": "627.35498",
        "low": "621.59998",
        "close": "624.14252",
        "volume": "1616781"
      },
      {
        "datetime": "2025-03-07 13:30:00",
        "open": "615.57501",
        "high": "628.22998",
        "low": "615.12000",
        "close": "626.85999",
        "volume": "2075332"
      },
      {
        "datetime": "2025-03-07 12:30:00",
        "open": "606.17999",
        "high": "618.78998",
        "low": "605.21899",
        "close": "615.52002",
        "volume": "2435151"
      },
      {
        "datetime": "2025-03-07 11:30:00",
        "open": "607.28998",
        "high": "607.70001",
        "low": "600.60999",
        "close": "606.41498",
        "volume": "3624811"
      },
      {
        "datetime": "2025-03-07 10:30:00",
        "open": "620.31000",
        "high": "620.41498",
        "low": "606.53003",
        "close": "607.094971",
        "volume": "4145861"
      },
      {
        "datetime": "2025-03-07 09:30:00",
        "open": "625.34003",
        "high": "634.78992",
        "low": "620.15997",
        "close": "620.5",
        "volume": "3768380"
      },
      {
        "datetime": "2025-03-06 15:30:00",
        "open": "627.67999",
        "high": "628.93988",
        "low": "625.48499",
        "close": "627.94000",
        "volume": "1368563"
      },
      {
        "datetime": "2025-03-06 14:30:00",
        "open": "625.47607",
        "high": "631.98999",
        "low": "624.10999",
        "close": "627.70502",
        "volume": "2032960"
      },
      {
        "datetime": "2025-03-06 13:30:00",
        "open": "631.88000",
        "high": "632.21002",
        "low": "624.5",
        "close": "625.71997",
        "volume": "1525985"
      },
      {
        "datetime": "2025-03-06 12:30:00",
        "open": "632.5",
        "high": "634.95001",
        "low": "630.58002",
        "close": "631.93500",
        "volume": "1359577"
      },
      {
        "datetime": "2025-03-06 11:30:00",
        "open": "646.38000",
        "high": "648.78998",
        "low": "631.27008",
        "close": "632.54993",
        "volume": "1721902"
      },
      {
        "datetime": "2025-03-06 10:30:00",
        "open": "648.20001",
        "high": "650.45001",
        "low": "643.82001",
        "close": "646.54999",
        "volume": "1145278"
      },
      {
        "datetime": "2025-03-06 09:30:00",
        "open": "647.78003",
        "high": "650.5625",
        "low": "642.10999",
        "close": "648.44000",
        "volume": "2848015"
      },
      {
        "datetime": "2025-03-05 15:30:00",
        "open": "657.20001",
        "high": "658.47998",
        "low": "654.31000",
        "close": "656.29999",
        "volume": "1132052"
      },
      {
        "datetime": "2025-03-05 14:30:00",
        "open": "656.29999",
        "high": "659.5",
        "low": "654.20001",
        "close": "657.29999",
        "volume": "1296670"
      }
    ],
    "status": "ok"
  },
  "TSLA": {
    "meta": {
      "symbol": "TSLA",
      "interval": "1h",
      "currency": "USD",
      "exchange_timezone": "America/New_York",
      "exchange": "NASDAQ",
      "mic_code": "XNGS",
      "type": "Common Stock"
    },
    "values": [
      {
        "datetime": "2025-03-11 15:30:00",
        "open": "232.73000",
        "high": "234.99001",
        "low": "229.62000",
        "close": "230.5",
        "volume": "11862356"
      },
      {
        "datetime": "2025-03-11 14:30:00",
        "open": "233.17000",
        "high": "237.064896",
        "low": "230.82001",
        "close": "232.68201",
        "volume": "20248023"
      },
      {
        "datetime": "2025-03-11 13:30:00",
        "open": "223.75",
        "high": "234.44000",
        "low": "223.58",
        "close": "233.22800",
        "volume": "15121712"
      },
      {
        "datetime": "2025-03-11 12:30:00",
        "open": "228.33000",
        "high": "230.44991",
        "low": "223.55",
        "close": "223.81000",
        "volume": "12475120"
      },
      {
        "datetime": "2025-03-11 11:30:00",
        "open": "228.39000",
        "high": "232.70000",
        "low": "225.91000",
        "close": "228.23500",
        "volume": "16360604"
      },
      {
        "datetime": "2025-03-11 10:30:00",
        "open": "222.60001",
        "high": "230.98990",
        "low": "218.029999",
        "close": "228.39999",
        "volume": "29443518"
      },
      {
        "datetime": "2025-03-11 09:30:00",
        "open": "225.27010",
        "high": "236.28960",
        "low": "222",
        "close": "222.65010",
        "volume": "58854090"
      },
      {
        "datetime": "2025-03-10 15:30:00",
        "open": "221.57001",
        "high": "224.80000",
        "low": "220.18",
        "close": "222.080002",
        "volume": "21582826"
      },
      {
        "datetime": "2025-03-10 14:30:00",
        "open": "226.029999",
        "high": "227.10001",
        "low": "220.66",
        "close": "221.58000",
        "volume": "23224327"
      },
      {
        "datetime": "2025-03-10 13:30:00",
        "open": "227.15990",
        "high": "228.85001",
        "low": "224.13",
        "close": "225.99921",
        "volume": "18614538"
      },
      {
        "datetime": "2025-03-10 12:30:00",
        "open": "234.33000",
        "high": "234.94949",
        "low": "225.59000",
        "close": "227.050003",
        "volume": "27823166"
      },
      {
        "datetime": "2025-03-10 11:30:00",
        "open": "240.14999",
        "high": "243.10930",
        "low": "233.05",
        "close": "234.30000",
        "volume": "20360239"
      },
      {
        "datetime": "2025-03-10 10:30:00",
        "open": "239.91000",
        "high": "241.49001",
        "low": "237.60001",
        "close": "240.16000",
        "volume": "18803884"
      },
      {
        "datetime": "2025-03-10 09:30:00",
        "open": "252.60001",
        "high": "253.37000",
        "low": "238.89000",
        "close": "239.73000",
        "volume": "39294678"
      },
      {
        "datetime": "2025-03-07 15:30:00",
        "open": "261.51999",
        "high": "263.5",
        "low": "258.45999",
        "close": "262.63000",
        "volume": "8113262"
      },
      {
        "datetime": "2025-03-07 14:30:00",
        "open": "263.14999",
        "high": "263.56940",
        "low": "259.23001",
        "close": "261.68610",
        "volume": "9220298"
      },
      {
        "datetime": "2025-03-07 13:30:00",
        "open": "260.26999",
        "high": "264.26840",
        "low": "259.67151",
        "close": "263.12180",
        "volume": "9663231"
      },
      {
        "datetime": "2025-03-07 12:30:00",
        "open": "256.089996",
        "high": "262.87000",
        "low": "254.89999",
        "close": "260.20499",
        "volume": "13885689"
      },
      {
        "datetime": "2025-03-07 11:30:00",
        "open": "254.42000",
        "high": "256.095001",
        "low": "250.73000",
        "close": "256.040009",
        "volume": "15145976"
      },
      {
        "datetime": "2025-03-07 10:30:00",
        "open": "260.89999",
        "high": "261.60001",
        "low": "254.31000",
        "close": "254.39000",
        "volume": "15854379"
      },
      {
        "datetime": "2025-03-07 09:30:00",
        "open": "259.27499",
        "high": "266.24991",
        "low": "259.090088",
        "close": "260.94931",
        "volume": "26853256"
      },
      {
        "datetime": "2025-03-06 15:30:00",
        "open": "261.17001",
        "high": "264.34000",
        "low": "260.54999",
        "close": "263.42999",
        "volume": "8703774"
      },
      {
        "datetime": "2025-03-06 14:30:00",
        "open": "260.45001",
        "high": "266.60999",
        "low": "260.019989",
        "close": "261.16501",
        "volume": "12802598"
      },
      {
        "datetime": "2025-03-06 13:30:00",
        "open": "263",
        "high": "263.55029",
        "low": "260.019989",
        "close": "260.56000",
        "volume": "10864097"
      },
      {
        "datetime": "2025-03-06 12:30:00",
        "open": "263.34000",
        "high": "264.73001",
        "low": "261.76999",
        "close": "262.95001",
        "volume": "9098353"
      },
      {
        "datetime": "2025-03-06 11:30:00",
        "open": "269.32999",
        "high": "271.23950",
        "low": "262.85001",
        "close": "263.29999",
        "volume": "12655085"
      },
      {
        "datetime": "2025-03-06 10:30:00",
        "open": "270.69501",
        "high": "272.64999",
        "low": "267.57999",
        "close": "269.31000",
        "volume": "11485501"
      },
      {
        "datetime": "2025-03-06 09:30:00",
        "open": "272",
        "high": "272.11801",
        "low": "264.39999",
        "close": "270.69250",
        "volume": "26702168"
      },
      {
        "datetime": "2025-03-05 15:30:00",
        "open": "276.73999",
        "high": "279.54001",
        "low": "275.26001",
        "close": "279.26001",
        "volume": "7015037"
      },
      {
        "datetime": "2025-03-05 14:30:00",
        "open": "277",
        "high": "278.13989",
        "low": "273.51999",
        "close": "276.82001",
        "volume": "8850682"
      }
    ],
    "status": "ok"
  },
  "NVDA": {
    "meta": {
      "symbol": "NVDA",
      "interval": "1h",
      "currency": "USD",
      "exchange_timezone": "America/New_York",
      "exchange": "NASDAQ",
      "mic_code": "XNGS",
      "type": "Common Stock"
    },
    "values": [
      {
        "datetime": "2025-03-11 15:30:00",
        "open": "110.81000",
        "high": "111.03",
        "low": "108.64000",
        "close": "108.64000",
        "volume": "24887618"
      },
      {
        "datetime": "2025-03-11 14:30:00",
        "open": "110.44000",
        "high": "112.23600",
        "low": "109.98000",
        "close": "110.80860",
        "volume": "45716228"
      },
      {
        "datetime": "2025-03-11 13:30:00",
        "open": "107.56500",
        "high": "110.74",
        "low": "107.45000",
        "close": "110.43000",
        "volume": "32990769"
      },
      {
        "datetime": "2025-03-11 12:30:00",
        "open": "108.80500",
        "high": "109.40000",
        "low": "107.48000",
        "close": "107.56000",
        "volume": "28235528"
      },
      {
        "datetime": "2025-03-11 11:30:00",
        "open": "108.88000",
        "high": "110.6",
        "low": "108.28000",
        "close": "108.82000",
        "volume": "36915567"
      },
      {
        "datetime": "2025-03-11 10:30:00",
        "open": "106.30500",
        "high": "109.47",
        "low": "104.77000",
        "close": "108.89500",
        "volume": "61183867"
      },
      {
        "datetime": "2025-03-11 09:30:00",
        "open": "107.0049973",
        "high": "110.99",
        "low": "106.099998",
        "close": "106.31000",
        "volume": "97478690"
      },
      {
        "datetime": "2025-03-10 15:30:00",
        "open": "106.65000",
        "high": "107.91000",
        "low": "106.29000",
        "close": "107.019997",
        "volume": "39086074"
      },
      {
        "datetime": "2025-03-10 14:30:00",
        "open": "106.76000",
        "high": "107.40000",
        "low": "105.46000",
        "close": "106.64990",
        "volume": "44437319"
      },
      {
        "datetime": "2025-03-10 13:30:00",
        "open": "107.055000",
        "high": "107.75",
        "low": "106.23000",
        "close": "106.76000",
        "volume": "31503406"
      },
      {
        "datetime": "2025-03-10 12:30:00",
        "open": "108.089996",
        "high": "108.85000",
        "low": "106.51",
        "close": "107.060097",
        "volume": "36612306"
      },
      {
        "datetime": "2025-03-10 11:30:00",
        "open": "107.66010",
        "high": "108.92000",
        "low": "106.85000",
        "close": "108.084999",
        "volume": "42461451"
      },
      {
        "datetime": "2025-03-10 10:30:00",
        "open": "108.070000",
        "high": "108.28000",
        "low": "106.18000",
        "close": "107.65820",
        "volume": "59353835"
      },
      {
        "datetime": "2025-03-10 09:30:00",
        "open": "109.89000",
        "high": "111.85000",
        "low": "108.010002",
        "close": "108.064400",
        "volume": "71686072"
      },
      {
        "datetime": "2025-03-07 15:30:00",
        "open": "112.60000",
        "high": "113.099998",
        "low": "111.035004",
        "close": "112.73000",
        "volume": "29030527"
      },
      {
        "datetime": "2025-03-07 14:30:00",
        "open": "112.26000",
        "high": "112.92000",
        "low": "111.29500",
        "close": "112.60500",
        "volume": "32459442"
      },
      {
        "datetime": "2025-03-07 13:30:00",
        "open": "110.53000",
        "high": "112.51500",
        "low": "110.33000",
        "close": "112.25",
        "volume": "34597993"
      },
      {
        "datetime": "2025-03-07 12:30:00",
        "open": "109",
        "high": "111.29000",
        "low": "108.70000",
        "close": "110.50890",
        "volume": "45996375"
      },
      {
        "datetime": "2025-03-07 11:30:00",
        "open": "109.70500",
        "high": "110",
        "low": "107.56000",
        "close": "109.0049973",
        "volume": "51020128"
      },
      {
        "datetime": "2025-03-07 10:30:00",
        "open": "111.019997",
        "high": "111.79000",
        "low": "109.51190",
        "close": "109.70000",
        "volume": "54624751"
      },
      {
        "datetime": "2025-03-07 09:30:00",
        "open": "111.18000",
        "high": "113.48000",
        "low": "110.73000",
        "close": "111.040001",
        "volume": "76654784"
      },
      {
        "datetime": "2025-03-06 15:30:00",
        "open": "111.089996",
        "high": "111.49990",
        "low": "110.41000",
        "close": "110.58000",
        "volume": "30010571"
      },
      {
        "datetime": "2025-03-06 14:30:00",
        "open": "110.52000",
        "high": "112.22000",
        "low": "110.22000",
        "close": "111.097198",
        "volume": "39231805"
      },
      {
        "datetime": "2025-03-06 13:30:00",
        "open": "111.53000",
        "high": "111.90500",
        "low": "110.34000",
        "close": "110.53000",
        "volume": "33771494"
      },
      {
        "datetime": "2025-03-06 12:30:00",
        "open": "111.64000",
        "high": "112.29000",
        "low": "110.95000",
        "close": "111.53500",
        "volume": "33581282"
      },
      {
        "datetime": "2025-03-06 11:30:00",
        "open": "114.040001",
        "high": "114.76000",
        "low": "111.21000",
        "close": "111.63560",
        "volume": "41307149"
      },
      {
        "datetime": "2025-03-06 10:30:00",
        "open": "114.84000",
        "high": "115.34000",
        "low": "113.57000",
        "close": "114.059998",
        "volume": "34221965"
      },
      {
        "datetime": "2025-03-06 09:30:00",
        "open": "113.5",
        "high": "115.35000",
        "low": "112.30000",
        "close": "114.84440",
        "volume": "73446901"
      },
      {
        "datetime": "2025-03-05 15:30:00",
        "open": "117.625",
        "high": "118.20900",
        "low": "117.17000",
        "close": "117.29000",
        "volume": "20809411"
      },
      {
        "datetime": "2025-03-05 14:30:00",
        "open": "117.11000",
        "high": "118.27810",
        "low": "116.73000",
        "close": "117.66000",
        "volume": "26217630"
      }
    ],
    "status": "ok"
  },
  "AMZN": {
    "meta": {
      "symbol": "AMZN",
      "interval": "1h",
      "currency": "USD",
      "exchange_timezone": "America/New_York",
      "exchange": "NASDAQ",
      "mic_code": "XNGS",
      "type": "Common Stock"
    },
    "values": [
      {
        "datetime": "2025-03-11 15:30:00",
        "open": "198.36000",
        "high": "198.61",
        "low": "196.5",
        "close": "196.5",
        "volume": "3854296"
      },
      {
        "datetime": "2025-03-11 14:30:00",
        "open": "197.23000",
        "high": "199.95000",
        "low": "196.675",
        "close": "198.34500",
        "volume": "6021045"
      },
      {
        "datetime": "2025-03-11 13:30:00",
        "open": "193.50999",
        "high": "197.56000",
        "low": "193.4",
        "close": "197.25999",
        "volume": "4326155"
      },
      {
        "datetime": "2025-03-11 12:30:00",
        "open": "196.42999",
        "high": "196.87000",
        "low": "193.50999",
        "close": "193.55000",
        "volume": "4411745"
      },
      {
        "datetime": "2025-03-11 11:30:00",
        "open": "197.065002",
        "high": "198.28000",
        "low": "195.55",
        "close": "196.45000",
        "volume": "3936389"
      },
      {
        "datetime": "2025-03-11 10:30:00",
        "open": "195.45000",
        "high": "198.11000",
        "low": "195.059998",
        "close": "197.11000",
        "volume": "6040085"
      },
      {
        "datetime": "2025-03-11 09:30:00",
        "open": "193.90500",
        "high": "200.11",
        "low": "193.81",
        "close": "195.47501",
        "volume": "14331660"
      },
      {
        "datetime": "2025-03-10 15:30:00",
        "open": "193.10001",
        "high": "194.77000",
        "low": "193.040695",
        "close": "194.66000",
        "volume": "8613267"
      },
      {
        "datetime": "2025-03-10 14:30:00",
        "open": "192.34500",
        "high": "193.75999",
        "low": "190.85",
        "close": "193.080002",
        "volume": "7391937"
      },
      {
        "datetime": "2025-03-10 13:30:00",
        "open": "193.16000",
        "high": "193.30000",
        "low": "191.69000",
        "close": "192.34570",
        "volume": "4670232"
      },
      {
        "datetime": "2025-03-10 12:30:00",
        "open": "193.67999",
        "high": "194.39250",
        "low": "192.15480",
        "close": "193.18190",
        "volume": "4824105"
      },
      {
        "datetime": "2025-03-10 11:30:00",
        "open": "194.35001",
        "high": "195.56500",
        "low": "192.82001",
        "close": "193.64000",
        "volume": "6006472"
      },
      {
        "datetime": "2025-03-10 10:30:00",
        "open": "193.36000",
        "high": "194.48",
        "low": "190.88",
        "close": "194.34000",
        "volume": "10417941"
      },
      {
        "datetime": "2025-03-10 09:30:00",
        "open": "195.40199",
        "high": "196.73000",
        "low": "192.46001",
        "close": "193.31000",
        "volume": "11588315"
      },
      {
        "datetime": "2025-03-07 15:30:00",
        "open": "199.13000",
        "high": "200.020004",
        "low": "198.17000",
        "close": "199.27000",
        "volume": "4687031"
      },
      {
        "datetime": "2025-03-07 14:30:00",
        "open": "200.35001",
        "high": "200.5",
        "low": "198.77000",
        "close": "199.14000",
        "volume": "4801793"
      },
      {
        "datetime": "2025-03-07 13:30:00",
        "open": "197.21001",
        "high": "200.42500",
        "low": "196.96001",
        "close": "200.33501",
        "volume": "8021795"
      },
      {
        "datetime": "2025-03-07 12:30:00",
        "open": "193.91000",
        "high": "197.80000",
        "low": "193.59000",
        "close": "197.16010",
        "volume": "6790767"
      },
      {
        "datetime": "2025-03-07 11:30:00",
        "open": "194.53999",
        "high": "194.71001",
        "low": "192.53999",
        "close": "193.92000",
        "volume": "9162595"
      },
      {
        "datetime": "2025-03-07 10:30:00",
        "open": "199.42999",
        "high": "199.44000",
        "low": "194.39999",
        "close": "194.52499",
        "volume": "10284459"
      },
      {
        "datetime": "2025-03-07 09:30:00",
        "open": "199.34000",
        "high": "202.26530",
        "low": "199.18761",
        "close": "199.42500",
        "volume": "9367161"
      },
      {
        "datetime": "2025-03-06 15:30:00",
        "open": "199.56000",
        "high": "200.74001",
        "low": "198.92000",
        "close": "200.70000",
        "volume": "5767673"
      },
      {
        "datetime": "2025-03-06 14:30:00",
        "open": "198.77000",
        "high": "200.52200",
        "low": "198.35001",
        "close": "199.52000",
        "volume": "7468306"
      },
      {
        "datetime": "2025-03-06 13:30:00",
        "open": "200.83000",
        "high": "201.12000",
        "low": "198.47000",
        "close": "198.80000",
        "volume": "6250010"
      },
      {
        "datetime": "2025-03-06 12:30:00",
        "open": "201.31059",
        "high": "201.85001",
        "low": "200.55000",
        "close": "200.83501",
        "volume": "4270556"
      },
      {
        "datetime": "2025-03-06 11:30:00",
        "open": "203.81000",
        "high": "204.56000",
        "low": "201.11000",
        "close": "201.31500",
        "volume": "4610406"
      },
      {
        "datetime": "2025-03-06 10:30:00",
        "open": "205.12000",
        "high": "205.77000",
        "low": "203.11000",
        "close": "203.83501",
        "volume": "3953955"
      },
      {
        "datetime": "2025-03-06 09:30:00",
        "open": "204.30000",
        "high": "205.67000",
        "low": "202.16000",
        "close": "205.12000",
        "volume": "8693104"
      },
      {
        "datetime": "2025-03-05 15:30:00",
        "open": "209.10001",
        "high": "209.12000",
        "low": "207.92000",
        "close": "208.46001",
        "volume": "4220668"
      },
      {
        "datetime": "2025-03-05 14:30:00",
        "open": "208.66000",
        "high": "209.64000",
        "low": "208.14999",
        "close": "209.10040",
        "volume": "3797556"
      }
    ],
    "status": "ok"
  },
  "GOOGL": {
    "meta": {
      "symbol": "GOOGL",
      "interval": "1h",
      "currency": "USD",
      "exchange_timezone": "America/New_York",
      "exchange": "NASDAQ",
      "mic_code": "XNGS",
      "type": "Common Stock"
    },
    "values": [
      {
        "datetime": "2025-03-11 15:30:00",
        "open": "165.10001",
        "high": "165.25",
        "low": "163.96001",
        "close": "163.99001",
        "volume": "3169363"
      },
      {
        "datetime": "2025-03-11 14:30:00",
        "open": "163.86000",
        "high": "166.36099",
        "low": "163.53200",
        "close": "165.065002",
        "volume": "4614779"
      },
      {
        "datetime": "2025-03-11 13:30:00",
        "open": "161.65500",
        "high": "164.37",
        "low": "161.37000",
        "close": "163.89430",
        "volume": "3219540"
      },
      {
        "datetime": "2025-03-11 12:30:00",
        "open": "163.67000",
        "high": "164.029999",
        "low": "161.66",
        "close": "161.69000",
        "volume": "3485519"
      },
      {
        "datetime": "2025-03-11 11:30:00",
        "open": "164.55000",
        "high": "165.45000",
        "low": "163.33000",
        "close": "163.67000",
        "volume": "3856033"
      },
      {
        "datetime": "2025-03-11 10:30:00",
        "open": "163.89000",
        "high": "165.12000",
        "low": "163.38",
        "close": "164.55000",
        "volume": "3265134"
      },
      {
        "datetime": "2025-03-11 09:30:00",
        "open": "164.91000",
        "high": "166.75",
        "low": "163.82001",
        "close": "163.88000",
        "volume": "8055681"
      },
      {
        "datetime": "2025-03-10 15:30:00",
        "open": "165.64999",
        "high": "166.63000",
        "low": "165.27",
        "close": "165.88000",
        "volume": "5162552"
      },
      {
        "datetime": "2025-03-10 14:30:00",
        "open": "164.55000",
        "high": "166.17670",
        "low": "163.99",
        "close": "165.67999",
        "volume": "4347009"
      },
      {
        "datetime": "2025-03-10 13:30:00",
        "open": "165.24001",
        "high": "165.39000",
        "low": "164.19",
        "close": "164.53000",
        "volume": "3286471"
      },
      {
        "datetime": "2025-03-10 12:30:00",
        "open": "165.94000",
        "high": "166.50999",
        "low": "165.17999",
        "close": "165.24001",
        "volume": "4067038"
      },
      {
        "datetime": "2025-03-10 11:30:00",
        "open": "166.39500",
        "high": "167",
        "low": "165.10001",
        "close": "165.90990",
        "volume": "3095873"
      },
      {
        "datetime": "2025-03-10 10:30:00",
        "open": "166.35001",
        "high": "166.40500",
        "low": "163.69000",
        "close": "166.39999",
        "volume": "6739683"
      },
      {
        "datetime": "2025-03-10 09:30:00",
        "open": "168.25999",
        "high": "168.46001",
        "low": "165.92999",
        "close": "166.30000",
        "volume": "9149652"
      },
      {
        "datetime": "2025-03-07 15:30:00",
        "open": "173.85001",
        "high": "174.49001",
        "low": "172.74001",
        "close": "173.83000",
        "volume": "3386773"
      },
      {
        "datetime": "2025-03-07 14:30:00",
        "open": "174.75999",
        "high": "174.92999",
        "low": "173.60001",
        "close": "173.87000",
        "volume": "2297369"
      },
      {
        "datetime": "2025-03-07 13:30:00",
        "open": "173.42200",
        "high": "174.97000",
        "low": "173.19000",
        "close": "174.72549",
        "volume": "2622300"
      },
      {
        "datetime": "2025-03-07 12:30:00",
        "open": "171.63000",
        "high": "174",
        "low": "171.375",
        "close": "173.39000",
        "volume": "3390178"
      },
      {
        "datetime": "2025-03-07 11:30:00",
        "open": "171.080002",
        "high": "171.70000",
        "low": "170.27000",
        "close": "171.63000",
        "volume": "3313473"
      },
      {
        "datetime": "2025-03-07 10:30:00",
        "open": "172.050003",
        "high": "172.21001",
        "low": "170.64999",
        "close": "171.070007",
        "volume": "3386507"
      },
      {
        "datetime": "2025-03-07 09:30:00",
        "open": "171.25999",
        "high": "173.70000",
        "low": "171.17",
        "close": "172.070007",
        "volume": "5249047"
      },
      {
        "datetime": "2025-03-06 15:30:00",
        "open": "172.375",
        "high": "172.72000",
        "low": "171.75999",
        "close": "172.38000",
        "volume": "2920596"
      },
      {
        "datetime": "2025-03-06 14:30:00",
        "open": "171.77000",
        "high": "172.85001",
        "low": "171.45000",
        "close": "172.37000",
        "volume": "3011991"
      },
      {
        "datetime": "2025-03-06 13:30:00",
        "open": "172.5",
        "high": "172.74001",
        "low": "171.58000",
        "close": "171.78500",
        "volume": "2436147"
      },
      {
        "datetime": "2025-03-06 12:30:00",
        "open": "171.94000",
        "high": "173.099503",
        "low": "171.67059",
        "close": "172.49001",
        "volume": "2616511"
      },
      {
        "datetime": "2025-03-06 11:30:00",
        "open": "174.17999",
        "high": "174.64000",
        "low": "171.5",
        "close": "171.92999",
        "volume": "3171434"
      },
      {
        "datetime": "2025-03-06 10:30:00",
        "open": "174.46001",
        "high": "174.81000",
        "low": "173.62000",
        "close": "174.24500",
        "volume": "3025051"
      },
      {
        "datetime": "2025-03-06 09:30:00",
        "open": "170.53000",
        "high": "174.61000",
        "low": "170.5",
        "close": "174.49001",
        "volume": "5955236"
      },
      {
        "datetime": "2025-03-05 15:30:00",
        "open": "173.5",
        "high": "173.78000",
        "low": "172.89000",
        "close": "173.020004",
        "volume": "3325902"
      },
      {
        "datetime": "2025-03-05 14:30:00",
        "open": "172.91000",
        "high": "173.72000",
        "low": "172.66000",
        "close": "173.50999",
        "volume": "2674884"
      }
    ],
    "status": "ok"
  },
  "INTC": {
    "meta": {
      "symbol": "INTC",
      "interval": "1h",
      "currency": "USD",
      "exchange_timezone": "America/New_York",
      "exchange": "NASDAQ",
      "mic_code": "XNGS",
      "type": "Common Stock"
    },
    "values": [
      {
        "datetime": "2025-03-11 15:30:00",
        "open": "19.93000",
        "high": "20",
        "low": "19.775",
        "close": "19.78000",
        "volume": "7335625"
      },
      {
        "datetime": "2025-03-11 14:30:00",
        "open": "19.81500",
        "high": "20.059999",
        "low": "19.74000",
        "close": "19.92250",
        "volume": "10147463"
      },
      {
        "datetime": "2025-03-11 13:30:00",
        "open": "19.47890",
        "high": "19.89000",
        "low": "19.45000",
        "close": "19.81500",
        "volume": "6671135"
      },
      {
        "datetime": "2025-03-11 12:30:00",
        "open": "19.61000",
        "high": "19.78000",
        "low": "19.47000",
        "close": "19.48000",
        "volume": "6043721"
      },
      {
        "datetime": "2025-03-11 11:30:00",
        "open": "19.53000",
        "high": "19.65000",
        "low": "19.42000",
        "close": "19.60500",
        "volume": "6809432"
      },
      {
        "datetime": "2025-03-11 10:30:00",
        "open": "19.50500",
        "high": "19.64",
        "low": "19.29",
        "close": "19.53670",
        "volume": "14245337"
      },
      {
        "datetime": "2025-03-11 09:30:00",
        "open": "19.96500",
        "high": "20.04",
        "low": "19.47000",
        "close": "19.50460",
        "volume": "19853678"
      },
      {
        "datetime": "2025-03-10 15:30:00",
        "open": "19.88500",
        "high": "20.090000",
        "low": "19.84",
        "close": "19.95500",
        "volume": "11114887"
      },
      {
        "datetime": "2025-03-10 14:30:00",
        "open": "19.84500",
        "high": "20.010000",
        "low": "19.65000",
        "close": "19.88000",
        "volume": "10776867"
      },
      {
        "datetime": "2025-03-10 13:30:00",
        "open": "19.95130",
        "high": "19.97000",
        "low": "19.75",
        "close": "19.84500",
        "volume": "8460083"
      },
      {
        "datetime": "2025-03-10 12:30:00",
        "open": "20.080000",
        "high": "20.15",
        "low": "19.86",
        "close": "19.96000",
        "volume": "7497292"
      },
      {
        "datetime": "2025-03-10 11:30:00",
        "open": "20.11500",
        "high": "20.32000",
        "low": "20.04",
        "close": "20.075001",
        "volume": "5617467"
      },
      {
        "datetime": "2025-03-10 10:30:00",
        "open": "20.014999",
        "high": "20.16000",
        "low": "19.99000",
        "close": "20.11500",
        "volume": "9197104"
      },
      {
        "datetime": "2025-03-10 09:30:00",
        "open": "20.23000",
        "high": "20.51000",
        "low": "20",
        "close": "20.020000",
        "volume": "14984742"
      },
      {
        "datetime": "2025-03-07 15:30:00",
        "open": "20.56000",
        "high": "20.73000",
        "low": "20.35000",
        "close": "20.63000",
        "volume": "8613713"
      },
      {
        "datetime": "2025-03-07 14:30:00",
        "open": "20.625",
        "high": "20.68000",
        "low": "20.47200",
        "close": "20.56500",
        "volume": "6258802"
      },
      {
        "datetime": "2025-03-07 13:30:00",
        "open": "20.31000",
        "high": "20.66000",
        "low": "20.28010",
        "close": "20.625",
        "volume": "6589982"
      },
      {
        "datetime": "2025-03-07 12:30:00",
        "open": "20.25",
        "high": "20.49000",
        "low": "20.20500",
        "close": "20.30000",
        "volume": "7582096"
      },
      {
        "datetime": "2025-03-07 11:30:00",
        "open": "20.33000",
        "high": "20.41000",
        "low": "20.11000",
        "close": "20.25980",
        "volume": "10706182"
      },
      {
        "datetime": "2025-03-07 10:30:00",
        "open": "20.86000",
        "high": "20.87000",
        "low": "20.27000",
        "close": "20.32710",
        "volume": "11001293"
      },
      {
        "datetime": "2025-03-07 09:30:00",
        "open": "20.27000",
        "high": "21.20000",
        "low": "20.25",
        "close": "20.86500",
        "volume": "21144992"
      },
      {
        "datetime": "2025-03-06 15:30:00",
        "open": "20.76500",
        "high": "20.83750",
        "low": "20.72000",
        "close": "20.76000",
        "volume": "9190596"
      },
      {
        "datetime": "2025-03-06 14:30:00",
        "open": "20.63000",
        "high": "21.049999",
        "low": "20.57500",
        "close": "20.77000",
        "volume": "9250241"
      },
      {
        "datetime": "2025-03-06 13:30:00",
        "open": "20.82500",
        "high": "20.94000",
        "low": "20.60000",
        "close": "20.63560",
        "volume": "7030794"
      },
      {
        "datetime": "2025-03-06 12:30:00",
        "open": "20.64000",
        "high": "20.98000",
        "low": "20.49010",
        "close": "20.82720",
        "volume": "7534520"
      },
      {
        "datetime": "2025-03-06 11:30:00",
        "open": "20.93500",
        "high": "21.045000",
        "low": "20.55050",
        "close": "20.64190",
        "volume": "9122728"
      },
      {
        "datetime": "2025-03-06 10:30:00",
        "open": "20.83000",
        "high": "21.13000",
        "low": "20.78190",
        "close": "20.94000",
        "volume": "14673595"
      },
      {
        "datetime": "2025-03-06 09:30:00",
        "open": "20.24500",
        "high": "20.92000",
        "low": "20",
        "close": "20.83650",
        "volume": "27387650"
      },
      {
        "datetime": "2025-03-05 15:30:00",
        "open": "20.92500",
        "high": "21",
        "low": "20.73000",
        "close": "20.79500",
        "volume": "14358732"
      },
      {
        "datetime": "2025-03-05 14:30:00",
        "open": "20.36000",
        "high": "20.98000",
        "low": "20.36000",
        "close": "20.92000",
        "volume": "17641432"
      }
    ],
    "status": "ok"
  },
  "AMD": {
    "meta": {
      "symbol": "AMD",
      "interval": "1h",
      "currency": "USD",
      "exchange_timezone": "America/New_York",
      "exchange": "NASDAQ",
      "mic_code": "XNGS",
      "type": "Common Stock"
    },
    "values": [
      {
        "datetime": "2025-03-11 15:30:00",
        "open": "97.17500",
        "high": "97.28",
        "low": "96.68000",
        "close": "96.68000",
        "volume": "3400676"
      },
      {
        "datetime": "2025-03-11 14:30:00",
        "open": "97.67000",
        "high": "98.15000",
        "low": "96.92000",
        "close": "97.14000",
        "volume": "5198168"
      },
      {
        "datetime": "2025-03-11 13:30:00",
        "open": "96.11000",
        "high": "97.79000",
        "low": "96.010002",
        "close": "97.66000",
        "volume": "3376401"
      },
      {
        "datetime": "2025-03-11 12:30:00",
        "open": "96.67000",
        "high": "96.98000",
        "low": "96",
        "close": "96.13940",
        "volume": "2438431"
      },
      {
        "datetime": "2025-03-11 11:30:00",
        "open": "96.73860",
        "high": "97.21",
        "low": "95.96030",
        "close": "96.63640",
        "volume": "2974436"
      },
      {
        "datetime": "2025-03-11 10:30:00",
        "open": "95.66000",
        "high": "97.014999",
        "low": "94.73000",
        "close": "96.73150",
        "volume": "5546201"
      },
      {
        "datetime": "2025-03-11 09:30:00",
        "open": "96.81500",
        "high": "98.12",
        "low": "95.64000",
        "close": "95.67000",
        "volume": "7564791"
      },
      {
        "datetime": "2025-03-10 15:30:00",
        "open": "96.61000",
        "high": "97.34200",
        "low": "95.94500",
        "close": "96.67000",
        "volume": "4516707"
      },
      {
        "datetime": "2025-03-10 14:30:00",
        "open": "97.26000",
        "high": "97.56760",
        "low": "95.83",
        "close": "96.62800",
        "volume": "5307255"
      },
      {
        "datetime": "2025-03-10 13:30:00",
        "open": "98.21000",
        "high": "98.24",
        "low": "97.099998",
        "close": "97.25",
        "volume": "2895429"
      },
      {
        "datetime": "2025-03-10 12:30:00",
        "open": "98.79000",
        "high": "99.34770",
        "low": "97.76",
        "close": "98.22500",
        "volume": "3259482"
      },
      {
        "datetime": "2025-03-10 11:30:00",
        "open": "98.080002",
        "high": "98.87000",
        "low": "97.88600",
        "close": "98.75500",
        "volume": "3149369"
      },
      {
        "datetime": "2025-03-10 10:30:00",
        "open": "98.74750",
        "high": "98.79000",
        "low": "97.41000",
        "close": "98.070000",
        "volume": "4762550"
      },
      {
        "datetime": "2025-03-10 09:30:00",
        "open": "98.57000",
        "high": "101.29000",
        "low": "98.12000",
        "close": "98.73000",
        "volume": "9253846"
      },
      {
        "datetime": "2025-03-07 15:30:00",
        "open": "100.14000",
        "high": "100.64500",
        "low": "99.34000",
        "close": "100.28000",
        "volume": "3623712"
      },
      {
        "datetime": "2025-03-07 14:30:00",
        "open": "100.23000",
        "high": "100.42000",
        "low": "99.56500",
        "close": "100.14500",
        "volume": "2955952"
      },
      {
        "datetime": "2025-03-07 13:30:00",
        "open": "98.69000",
        "high": "100.25500",
        "low": "98.57000",
        "close": "100.19070",
        "volume": "3338836"
      },
      {
        "datetime": "2025-03-07 12:30:00",
        "open": "97.52000",
        "high": "99.19960",
        "low": "97.32000",
        "close": "98.68000",
        "volume": "3979374"
      },
      {
        "datetime": "2025-03-07 11:30:00",
        "open": "97.5",
        "high": "97.68000",
        "low": "96.39000",
        "close": "97.54000",
        "volume": "4814364"
      },
      {
        "datetime": "2025-03-07 10:30:00",
        "open": "99.14000",
        "high": "99.27000",
        "low": "97.44000",
        "close": "97.48500",
        "volume": "5315834"
      },
      {
        "datetime": "2025-03-07 09:30:00",
        "open": "98.83000",
        "high": "99.85080",
        "low": "98.5",
        "close": "99.15000",
        "volume": "6779548"
      },
      {
        "datetime": "2025-03-06 15:30:00",
        "open": "98.99000",
        "high": "99.20000",
        "low": "98.65000",
        "close": "98.83000",
        "volume": "2929837"
      },
      {
        "datetime": "2025-03-06 14:30:00",
        "open": "98.49500",
        "high": "100.13000",
        "low": "98.33000",
        "close": "98.97240",
        "volume": "3557686"
      },
      {
        "datetime": "2025-03-06 13:30:00",
        "open": "98.84000",
        "high": "99.029999",
        "low": "98.27000",
        "close": "98.49000",
        "volume": "2678504"
      },
      {
        "datetime": "2025-03-06 12:30:00",
        "open": "98.64000",
        "high": "99.27000",
        "low": "98.34000",
        "close": "98.86000",
        "volume": "2625890"
      },
      {
        "datetime": "2025-03-06 11:30:00",
        "open": "100.074997",
        "high": "100.46000",
        "low": "98.49000",
        "close": "98.65000",
        "volume": "3433072"
      },
      {
        "datetime": "2025-03-06 10:30:00",
        "open": "100.73000",
        "high": "101.080002",
        "low": "99.65000",
        "close": "100.070000",
        "volume": "3139952"
      },
      {
        "datetime": "2025-03-06 09:30:00",
        "open": "99.050003",
        "high": "100.79000",
        "low": "98.67000",
        "close": "100.71000",
        "volume": "6382465"
      },
      {
        "datetime": "2025-03-05 15:30:00",
        "open": "101.19000",
        "high": "101.78000",
        "low": "101.010002",
        "close": "101.67000",
        "volume": "2929054"
      },
      {
        "datetime": "2025-03-05 14:30:00",
        "open": "101.14000",
        "high": "101.57000",
        "low": "100.67990",
        "close": "101.20500",
        "volume": "2337757"
      }
    ],
    "status": "ok"
  }
}